bankrupt,-3
bankruptcy,-3
breakdown,-3
cancel,-2
cancels,-2
chapter 7,-5
chapter seven,-5
chapter 11,-5
chapter eleven,-5
class action,-2
collapse,-2
collapsed,-2
crash,-2
crashes,-2
crashed,-2
death,-2
deaths,-2
deteriorate,-3
deteriorating,-3
direct offering,-4
disqualifies,-3
disqualified,-3
disqualify,-3
downgrade,-2
downtrend,-2
failed,-3
fails,-3
hacked,-3
intrusion,-2
lag,-2
lags,-2
lagging,-2
lawsuit,-3
litigation,-3
loss,-4
losses,-4
lost,-3
lowers,-3
lowered,-3
missed,-4
missed deadline,-4
misses,-4
misses deadline,-4
unable,-3
offering,-4
public offering,-4
regret,-3
regrets,-3
sued,-3
sues,-3
underperform,-3
unfortunate,-3
